time;loaded;inserted;walking;waitingForRide;riding;stopping;jammed;ended;arrived;teleports;discarded;duration
0.00;2195;0;0;0;0;0;0;0;0;0;0;0
1.00;2195;0;0;0;0;0;0;0;0;0;0;1
2.00;2195;2;2;0;0;0;0;0;0;0;0;1
3.00;2195;2;2;0;0;0;0;0;0;0;0;0
4.00;2195;4;4;0;0;0;0;0;0;0;0;0
5.00;2195;4;4;0;0;0;0;0;0;0;0;0
6.00;2195;6;6;0;0;0;0;0;0;0;0;0
7.00;2195;6;6;0;0;0;0;0;0;0;0;0
8.00;2195;6;6;0;0;0;0;0;0;0;0;0
9.00;2195;7;7;0;0;0;0;0;0;0;0;0
10.00;2195;8;8;0;0;0;0;0;0;0;0;0
11.00;2195;11;11;0;0;0;0;0;0;0;0;0
12.00;2195;14;14;0;0;0;0;0;0;0;0;0
13.00;2195;17;17;0;0;0;0;0;0;0;0;0
14.00;2195;17;17;0;0;0;0;0;0;0;0;0
15.00;2195;17;17;0;0;0;0;0;0;0;0;1
16.00;2195;18;18;0;0;0;0;0;0;0;0;0
17.00;2195;18;18;0;0;0;0;0;0;0;0;1
18.00;2195;21;21;0;0;0;0;0;0;0;0;1
19.00;2195;21;21;0;0;0;0;0;0;0;0;1
20.00;2195;23;23;0;0;0;0;0;0;0;0;1
21.00;2195;26;26;0;0;0;0;0;0;0;0;0
22.00;2195;27;27;0;0;0;0;0;0;0;0;0
23.00;2195;30;30;0;0;0;0;0;0;0;0;0
24.00;2195;32;32;0;0;0;0;0;0;0;0;0
25.00;2195;33;33;0;0;0;0;0;0;0;0;1
26.00;2195;34;34;0;0;0;0;0;0;0;0;2
27.00;2195;37;37;0;0;0;0;0;0;0;0;1
28.00;2195;39;39;0;0;0;0;0;0;0;0;0
29.00;2195;40;40;0;0;0;0;0;0;0;0;1
30.00;2195;40;40;0;0;0;0;0;0;0;0;1
31.00;2195;41;41;0;0;0;0;0;0;0;0;1
32.00;2195;43;43;0;0;0;0;0;0;0;0;0
33.00;2195;43;43;0;0;0;0;0;0;0;0;1
34.00;2195;43;43;0;0;0;0;0;0;0;0;0
35.00;2195;45;45;0;0;0;0;0;0;0;0;1
36.00;2195;48;48;0;0;0;0;0;0;0;0;1
37.00;2195;50;50;0;0;0;0;0;0;0;0;0
38.00;2195;50;50;0;0;0;0;0;0;0;0;0
39.00;2195;50;50;0;0;0;0;0;0;0;0;1
40.00;2195;50;50;0;0;0;0;0;0;0;0;0
41.00;2195;50;50;0;0;0;0;0;0;0;0;1
42.00;2195;50;50;0;0;0;0;0;0;0;0;0
43.00;2195;51;51;0;0;0;0;0;0;0;0;1
44.00;2195;52;52;0;0;0;0;0;0;0;0;0
45.00;2195;53;53;0;0;0;0;0;0;0;0;0
46.00;2195;58;58;0;0;0;0;0;0;0;0;1
47.00;2195;58;58;0;0;0;0;0;0;0;0;0
48.00;2195;58;58;0;0;0;0;0;0;0;0;0
49.00;2195;59;59;0;0;0;0;0;0;0;0;1
50.00;2195;60;60;0;0;0;0;0;0;0;0;0
51.00;2195;61;61;0;0;0;0;0;0;0;0;0
52.00;2195;61;61;0;0;0;0;0;0;0;0;1
53.00;2195;62;62;0;0;0;0;0;0;0;0;1
54.00;2195;62;62;0;0;0;0;0;0;0;0;0
55.00;2195;62;62;0;0;0;0;0;0;0;0;0
56.00;2195;63;63;0;0;0;0;0;0;0;0;1
57.00;2195;64;64;0;0;0;0;0;0;0;0;1
58.00;2195;64;64;0;0;0;0;0;0;0;0;1
59.00;2195;66;66;0;0;0;0;0;0;0;0;0
60.00;2195;67;67;0;0;0;0;0;0;0;0;1
61.00;2195;67;67;0;0;0;0;0;0;0;0;0
62.00;2195;67;67;0;0;0;0;0;0;0;0;1
63.00;2195;69;69;0;0;0;0;0;0;0;0;1
64.00;2195;69;69;0;0;0;0;0;0;0;0;1
65.00;2195;71;71;0;0;0;0;0;0;0;0;0
66.00;2195;71;71;0;0;0;0;0;0;0;0;1
67.00;2195;71;71;0;0;0;0;0;0;0;0;1
68.00;2195;71;71;0;0;0;0;0;0;0;0;1
69.00;2195;71;71;0;0;0;0;0;0;0;0;1
70.00;2195;72;72;0;0;0;0;0;0;0;0;1
71.00;2195;72;72;0;0;0;0;0;0;0;0;0
72.00;2195;74;74;0;0;0;0;0;0;0;0;1
73.00;2195;74;74;0;0;0;0;0;0;0;0;0
74.00;2195;75;75;0;0;0;0;0;0;0;0;1
75.00;2195;76;76;0;0;0;0;0;0;0;0;1
76.00;2195;76;76;0;0;0;0;0;0;0;0;1
77.00;2195;78;78;0;0;0;0;0;0;0;0;0
78.00;2195;79;79;0;0;0;0;0;0;0;0;1
79.00;2195;79;79;0;0;0;0;0;0;0;0;1
80.00;2195;79;79;0;0;0;0;0;0;0;0;0
81.00;2195;80;80;0;0;0;0;0;0;0;0;0
82.00;2195;82;82;0;0;0;0;0;0;0;0;1
83.00;2195;82;82;0;0;0;0;0;0;0;0;0
84.00;2195;82;82;0;0;0;0;0;0;0;0;1
85.00;2195;82;82;0;0;0;0;0;0;0;0;0
86.00;2195;83;83;0;0;0;0;0;0;0;0;1
87.00;2195;83;83;0;0;0;0;0;0;0;0;0
88.00;2195;83;83;0;0;0;0;0;0;0;0;1
89.00;2195;83;83;0;0;0;0;0;0;0;0;1
90.00;2195;83;83;0;0;0;0;0;0;0;0;0
91.00;2195;84;84;0;0;0;0;0;0;0;0;2
92.00;2195;84;84;0;0;0;0;0;0;0;0;0
93.00;2195;87;87;0;0;0;0;0;0;0;0;1
94.00;2195;88;88;0;0;0;0;0;0;0;0;1
95.00;2195;90;90;0;0;0;0;0;0;0;0;1
96.00;2195;92;92;0;0;0;0;0;0;0;0;1
97.00;2195;94;94;0;0;0;0;0;0;0;0;1
98.00;2195;97;97;0;0;0;0;0;0;0;0;1
99.00;2195;98;98;0;0;0;0;0;0;0;0;1
100.00;2195;101;101;0;0;0;0;0;0;0;0;0
101.00;2195;102;102;0;0;0;0;0;0;0;0;1
102.00;2195;102;102;0;0;0;0;0;0;0;0;0
103.00;2195;102;102;0;0;0;0;0;0;0;0;0
104.00;2195;102;102;0;0;0;0;0;0;0;0;1
105.00;2195;102;102;0;0;0;0;0;0;0;0;0
106.00;2195;103;103;0;0;0;0;0;0;0;0;1
107.00;2195;103;103;0;0;0;0;0;0;0;0;1
108.00;2195;103;103;0;0;0;0;0;0;0;0;1
109.00;2195;103;103;0;0;0;0;0;0;0;0;1
110.00;2195;104;104;0;0;0;0;0;0;0;0;1
111.00;2195;104;104;0;0;0;0;0;0;0;0;1
112.00;2195;105;105;0;0;0;0;0;0;0;0;0
113.00;2195;107;107;0;0;0;0;0;0;0;0;1
114.00;2195;108;108;0;0;0;0;0;0;0;0;1
115.00;2195;108;108;0;0;0;0;0;0;0;0;0
116.00;2195;109;109;0;0;0;0;0;0;0;0;1
117.00;2195;111;111;0;0;0;0;0;0;0;0;1
118.00;2195;112;112;0;0;0;0;0;0;0;0;1
119.00;2195;113;113;0;0;0;0;0;0;0;0;0
120.00;2195;113;113;0;0;0;0;0;0;0;0;1
121.00;2195;113;113;0;0;0;0;0;0;0;0;1
122.00;2195;116;116;0;0;0;0;0;0;0;0;1
123.00;2195;116;116;0;0;0;0;0;0;0;0;1
124.00;2195;117;117;0;0;0;0;0;0;0;0;1
125.00;2195;122;122;0;0;0;0;0;0;0;0;1
126.00;2195;124;124;0;0;0;0;0;0;0;0;1
127.00;2195;125;125;0;0;0;0;0;0;0;0;1
128.00;2195;125;125;0;0;0;0;0;0;0;0;1
129.00;2195;126;126;0;0;0;0;0;0;0;0;0
130.00;2195;127;127;0;0;0;0;0;0;0;0;1
131.00;2195;128;128;0;0;0;0;0;0;0;0;1
132.00;2195;129;129;0;0;0;0;0;0;0;0;1
133.00;2195;130;130;0;0;0;0;0;0;0;0;1
134.00;2195;133;133;0;0;0;0;0;0;0;0;1
135.00;2195;133;133;0;0;0;0;0;0;0;0;1
136.00;2195;133;133;0;0;0;0;0;0;0;0;1
137.00;2195;133;133;0;0;0;0;0;0;0;0;1
138.00;2195;133;133;0;0;0;0;0;0;0;0;1
139.00;2195;134;134;0;0;0;0;0;0;0;0;1
140.00;2195;137;137;0;0;0;0;0;0;0;0;1
141.00;2195;137;137;0;0;0;0;0;0;0;0;2
142.00;2195;137;137;0;0;0;0;0;0;0;0;1
143.00;2195;140;140;0;0;0;0;0;0;0;0;1
144.00;2195;142;142;0;0;0;0;0;0;0;0;1
145.00;2195;143;143;0;0;0;0;0;0;0;0;1
146.00;2195;143;143;0;0;0;0;0;0;0;0;2
147.00;2195;143;143;0;0;0;0;0;0;0;0;1
148.00;2195;143;143;0;0;0;0;0;0;0;0;1
149.00;2195;143;143;0;0;0;0;0;0;0;0;1
150.00;2195;144;144;0;0;0;0;0;0;0;0;1
151.00;2195;148;148;0;0;0;0;0;0;0;0;1
152.00;2195;151;151;0;0;0;0;0;0;0;0;1
153.00;2195;151;151;0;0;0;0;0;0;0;0;1
154.00;2195;152;152;0;0;0;0;0;0;0;0;2
155.00;2195;155;155;0;0;0;0;0;0;0;0;1
156.00;2195;155;155;0;0;0;0;0;0;0;0;1
157.00;2195;158;158;0;0;0;0;0;0;0;0;1
158.00;2195;161;161;0;0;0;0;0;0;0;0;1
159.00;2195;165;165;0;0;0;0;0;0;0;0;1
160.00;2195;166;166;0;0;0;0;0;0;0;0;2
161.00;2195;166;166;0;0;0;0;0;0;0;0;1
162.00;2195;166;166;0;0;0;0;0;0;0;0;1
163.00;2195;166;166;0;0;0;0;0;0;0;0;1
164.00;2195;167;167;0;0;0;0;0;0;0;0;2
165.00;2195;167;167;0;0;0;0;0;0;0;0;1
166.00;2195;168;168;0;0;0;0;0;0;0;0;1
167.00;2195;170;170;0;0;0;0;0;0;0;0;1
168.00;2195;170;170;0;0;0;0;0;0;0;0;1
169.00;2195;170;170;0;0;0;0;0;0;0;0;2
170.00;2195;172;172;0;0;0;0;0;0;0;0;2
171.00;2195;172;172;0;0;0;0;0;0;0;0;1
172.00;2195;173;173;0;0;0;0;0;0;0;0;1
173.00;2195;174;174;0;0;0;0;0;0;0;0;2
174.00;2195;174;174;0;0;0;0;0;0;0;0;2
175.00;2195;174;174;0;0;0;0;0;0;0;0;1
176.00;2195;174;174;0;0;0;0;0;0;0;0;2
177.00;2195;174;174;0;0;0;0;0;0;0;0;1
178.00;2195;174;174;0;0;0;0;0;0;0;0;1
179.00;2195;174;174;0;0;0;0;0;0;0;0;1
180.00;2195;175;175;0;0;0;0;0;0;0;0;2
181.00;2195;176;176;0;0;0;0;0;0;0;0;1
182.00;2195;176;176;0;0;0;0;0;0;0;0;2
183.00;2195;177;177;0;0;0;0;0;0;0;0;1
184.00;2195;179;179;0;0;0;0;0;0;0;0;2
185.00;2195;182;182;0;0;0;0;0;0;0;0;2
186.00;2195;182;182;0;0;0;0;0;0;0;0;2
187.00;2195;182;182;0;0;0;0;0;0;0;0;2
188.00;2195;184;184;0;0;0;0;0;0;0;0;2
189.00;2195;186;186;0;0;0;0;0;0;0;0;2
190.00;2195;186;186;0;0;0;0;0;0;0;0;2
191.00;2195;188;188;0;0;0;0;0;0;0;0;1
192.00;2195;189;189;0;0;0;0;0;0;0;0;2
193.00;2195;189;189;0;0;0;0;0;0;0;0;2
194.00;2195;191;191;0;0;0;0;0;0;0;0;2
195.00;2195;191;191;0;0;0;0;0;0;0;0;2
196.00;2195;194;194;0;0;0;0;0;0;0;0;1
197.00;2195;195;195;0;0;0;0;0;0;0;0;2
198.00;2195;195;195;0;0;0;0;0;0;0;0;1
199.00;2195;197;197;0;0;0;0;0;0;0;0;2
200.00;2195;197;197;0;0;0;0;0;0;0;0;2
201.00;2195;198;198;0;0;0;0;0;0;0;0;1
202.00;2195;198;198;0;0;0;0;0;0;0;0;1
203.00;2195;199;199;0;0;0;0;0;0;0;0;1
204.00;2195;200;200;0;0;0;0;0;0;0;0;1
205.00;2195;200;200;0;0;0;0;0;0;0;0;2
206.00;2195;200;200;0;0;0;0;0;0;0;0;1
207.00;2195;200;200;0;0;0;0;0;0;0;0;1
208.00;2195;201;201;0;0;0;0;0;0;0;0;2
209.00;2195;201;201;0;0;0;0;0;0;0;0;2
210.00;2195;201;201;0;0;0;0;0;0;0;0;1
211.00;2195;202;202;0;0;0;0;0;0;0;0;2
212.00;2195;202;202;0;0;0;0;0;0;0;0;1
213.00;2195;203;203;0;0;0;0;0;0;0;0;1
214.00;2195;204;204;0;0;0;0;0;0;0;0;2
215.00;2195;205;205;0;0;0;0;0;0;0;0;2
216.00;2195;206;206;0;0;0;0;0;0;0;0;2
217.00;2195;208;208;0;0;0;0;0;0;0;0;1
218.00;2195;209;209;0;0;0;0;0;0;0;0;2
219.00;2195;209;209;0;0;0;0;0;0;0;0;1
220.00;2195;210;210;0;0;0;0;0;0;0;0;2
221.00;2195;210;210;0;0;0;0;0;0;0;0;2
222.00;2195;214;214;0;0;0;0;0;0;0;0;1
223.00;2195;215;215;0;0;0;0;0;0;0;0;2
224.00;2195;217;217;0;0;0;0;0;0;0;0;1
225.00;2195;219;219;0;0;0;0;0;0;0;0;2
226.00;2195;219;219;0;0;0;0;0;0;0;0;2
227.00;2195;219;219;0;0;0;0;0;0;0;0;1
228.00;2195;219;219;0;0;0;0;0;0;0;0;1
229.00;2195;220;220;0;0;0;0;0;0;0;0;1
230.00;2195;223;223;0;0;0;0;0;0;0;0;1
231.00;2195;223;223;0;0;0;0;0;0;0;0;1
232.00;2195;224;224;0;0;0;0;0;0;0;0;2
233.00;2195;224;224;0;0;0;0;0;0;0;0;2
234.00;2195;225;225;0;0;0;0;0;0;0;0;2
235.00;2195;226;226;0;0;0;0;0;0;0;0;1
236.00;2195;227;227;0;0;0;0;0;0;0;0;1
237.00;2195;230;230;0;0;0;0;0;0;0;0;2
238.00;2195;230;230;0;0;0;0;0;0;0;0;2
239.00;2195;231;231;0;0;0;0;0;0;0;0;1
240.00;2195;234;234;0;0;0;0;0;0;0;0;1
241.00;2195;234;234;0;0;0;0;0;0;0;0;1
242.00;2195;235;235;0;0;0;0;0;0;0;0;2
243.00;2195;236;236;0;0;0;0;0;0;0;0;2
244.00;2195;236;236;0;0;0;0;0;0;0;0;1
245.00;2195;236;236;0;0;0;0;0;0;0;0;1
246.00;2195;236;236;0;0;0;0;0;0;0;0;1
247.00;2195;236;236;0;0;0;0;0;0;0;0;2
248.00;2195;236;236;0;0;0;0;0;0;0;0;1
249.00;2195;237;237;0;0;0;0;0;0;0;0;1
250.00;2195;237;237;0;0;0;0;0;0;0;0;1
251.00;2195;237;237;0;0;0;0;0;0;0;0;1
252.00;2195;239;239;0;0;0;0;0;0;0;0;1
253.00;2195;241;241;0;0;0;0;0;0;0;0;1
254.00;2195;243;243;0;0;0;0;0;0;0;0;1
255.00;2195;244;244;0;0;0;0;0;0;0;0;1
256.00;2195;244;244;0;0;0;0;0;0;0;0;1
257.00;2195;245;245;0;0;0;0;0;0;0;0;1
258.00;2195;245;245;0;0;0;0;0;0;0;0;2
259.00;2195;246;246;0;0;0;0;0;0;0;0;1
260.00;2195;247;247;0;0;0;0;0;0;0;0;1
261.00;2195;248;248;0;0;0;0;0;0;0;0;2
262.00;2195;249;249;0;0;0;0;0;0;0;0;1
263.00;2195;251;251;0;0;0;0;0;0;0;0;1
264.00;2195;251;251;0;0;0;0;0;0;0;0;2
265.00;2195;252;252;0;0;0;0;0;0;0;0;2
266.00;2195;252;252;0;0;0;0;0;0;0;0;1
267.00;2195;253;253;0;0;0;0;0;0;0;0;1
268.00;2195;254;254;0;0;0;0;0;0;0;0;2
269.00;2195;254;254;0;0;0;0;0;0;0;0;1
270.00;2195;255;255;0;0;0;0;0;0;0;0;2
271.00;2195;256;256;0;0;0;0;0;0;0;0;2
272.00;2195;258;258;0;0;0;0;0;0;0;0;2
273.00;2195;260;260;0;0;0;0;0;0;0;0;2
274.00;2195;261;261;0;0;0;0;0;0;0;0;1
275.00;2195;262;262;0;0;0;0;0;0;0;0;3
276.00;2195;264;264;0;0;0;0;0;0;0;0;2
277.00;2195;264;264;0;0;0;0;0;0;0;0;3
278.00;2195;265;265;0;0;0;0;0;0;0;0;2
279.00;2195;265;265;0;0;0;0;0;0;0;0;2
280.00;2195;265;265;0;0;0;0;0;0;0;0;2
281.00;2195;267;267;0;0;0;0;0;0;0;0;2
282.00;2195;267;267;0;0;0;0;0;0;0;0;1
283.00;2195;268;268;0;0;0;0;0;0;0;0;2
284.00;2195;268;268;0;0;0;0;0;0;0;0;2
285.00;2195;269;269;0;0;0;0;0;0;0;0;2
286.00;2195;271;270;0;0;0;0;1;1;0;0;2
287.00;2195;272;271;0;0;0;0;1;1;0;0;2
288.00;2195;275;274;0;0;0;0;1;1;0;0;2
289.00;2195;277;276;0;0;0;0;1;1;0;0;2
290.00;2195;279;277;0;0;0;0;2;2;0;0;2
291.00;2195;281;278;0;0;0;0;3;3;0;0;1
292.00;2195;281;278;0;0;0;0;3;3;0;0;2
293.00;2195;281;277;0;0;0;0;4;4;0;0;2
294.00;2195;283;279;0;0;0;0;4;4;0;0;2
295.00;2195;284;280;0;0;0;0;4;4;0;0;2
296.00;2195;285;281;0;0;0;0;4;4;0;0;3
297.00;2195;286;282;0;0;0;0;4;4;0;0;2
298.00;2195;288;284;0;0;0;0;4;4;0;0;2
299.00;2195;289;285;0;0;0;0;4;4;0;0;2
300.00;2195;289;285;0;0;0;0;4;4;0;0;2
301.00;2195;290;286;0;0;0;0;4;4;0;0;2
302.00;2195;290;286;0;0;0;0;4;4;0;0;2
303.00;2195;293;289;0;0;0;0;4;4;0;0;2
304.00;2195;293;289;0;0;0;0;4;4;0;0;2
305.00;2195;293;288;0;0;0;0;5;5;0;0;2
306.00;2195;293;288;0;0;0;0;5;5;0;0;2
307.00;2195;294;289;0;0;0;0;5;5;0;0;2
308.00;2195;296;290;0;0;0;0;6;6;0;0;2
309.00;2195;296;289;0;0;0;0;7;7;0;0;2
310.00;2195;297;289;0;0;0;0;8;8;0;0;2
311.00;2195;298;290;0;0;0;0;8;8;0;0;1
312.00;2195;299;291;0;0;0;0;8;8;0;0;1
313.00;2195;300;292;0;0;0;0;8;8;0;0;2
314.00;2195;302;294;0;0;0;0;8;8;0;0;1
315.00;2195;303;295;0;0;0;0;8;8;0;0;2
316.00;2195;303;295;0;0;0;0;8;8;0;0;1
317.00;2195;305;297;0;0;0;0;8;8;0;0;2
318.00;2195;305;297;0;0;0;0;8;8;0;0;1
319.00;2195;305;296;0;0;0;0;9;9;0;0;2
320.00;2195;305;296;0;0;0;0;9;9;0;0;2
321.00;2195;307;298;0;0;0;0;9;9;0;0;2
322.00;2195;307;298;0;0;0;0;9;9;0;0;2
323.00;2195;308;299;0;0;0;0;9;9;0;0;2
324.00;2195;311;302;0;0;0;0;9;9;0;0;2
325.00;2195;311;302;0;0;0;0;9;9;0;0;2
326.00;2195;312;303;0;0;0;0;9;9;0;0;1
327.00;2195;312;303;0;0;0;0;9;9;0;0;1
328.00;2195;312;303;0;0;0;0;9;9;0;0;2
329.00;2195;314;304;0;0;0;0;10;10;0;0;1
330.00;2195;315;305;0;0;0;0;10;10;0;0;2
331.00;2195;316;306;0;0;0;0;10;10;0;0;2
332.00;2195;318;307;0;0;0;0;11;11;0;0;1
333.00;2195;318;307;0;0;0;0;11;11;0;0;1
334.00;2195;319;308;0;0;0;0;11;11;0;0;2
335.00;2195;319;308;0;0;0;0;11;11;0;0;2
336.00;2195;320;307;0;0;0;0;13;13;0;0;2
337.00;2195;322;309;0;0;0;0;13;13;0;0;2
338.00;2195;325;312;0;0;0;0;13;13;0;0;1
339.00;2195;326;313;0;0;0;0;13;13;0;0;2
340.00;2195;327;314;0;0;0;0;13;13;0;0;1
341.00;2195;328;315;0;0;0;0;13;13;0;0;2
342.00;2195;328;315;0;0;0;0;13;13;0;0;2
343.00;2195;328;315;0;0;0;0;13;13;0;0;2
344.00;2195;328;314;0;0;0;0;14;14;0;0;2
345.00;2195;328;314;0;0;0;0;14;14;0;0;2
346.00;2195;328;314;0;0;0;0;14;14;0;0;2
347.00;2195;329;315;0;0;0;0;14;14;0;0;2
348.00;2195;329;315;0;0;0;0;14;14;0;0;2
349.00;2195;330;316;0;0;0;0;14;14;0;0;2
350.00;2195;331;317;0;0;0;0;14;14;0;0;2
351.00;2195;333;319;0;0;0;0;14;14;0;0;1
352.00;2195;333;319;0;0;0;0;14;14;0;0;2
353.00;2195;334;320;0;0;0;0;14;14;0;0;2
354.00;2195;336;322;0;0;0;0;14;14;0;0;2
355.00;2195;337;322;0;0;0;0;15;15;0;0;2
356.00;2195;337;322;0;0;0;0;15;15;0;0;2
357.00;2195;339;324;0;0;0;0;15;15;0;0;2
358.00;2195;341;326;0;0;0;0;15;15;0;0;2
359.00;2195;343;328;0;0;0;0;15;15;0;0;2
360.00;2195;343;328;0;0;0;0;15;15;0;0;1
361.00;2195;343;328;0;0;0;0;15;15;0;0;2
362.00;2195;343;328;0;0;0;0;15;15;0;0;2
363.00;2195;344;329;0;0;0;0;15;15;0;0;2
364.00;2195;344;328;0;0;0;0;16;16;0;0;2
365.00;2195;344;328;0;0;0;0;16;16;0;0;2
366.00;2195;344;328;0;0;0;0;16;16;0;0;2
367.00;2195;348;331;0;0;0;0;17;17;0;0;2
368.00;2195;351;334;0;0;0;0;17;17;0;0;2
369.00;2195;354;337;0;0;0;0;17;17;0;0;1
370.00;2195;355;338;0;0;0;0;17;17;0;0;2
371.00;2195;355;338;0;0;0;0;17;17;0;0;1
372.00;2195;355;338;0;0;0;0;17;17;0;0;2
373.00;2195;355;338;0;0;0;0;17;17;0;0;3
374.00;2195;357;340;0;0;0;0;17;17;0;0;2
375.00;2195;357;340;0;0;0;0;17;17;0;0;2
376.00;2195;357;340;0;0;0;0;17;17;0;0;2
377.00;2195;357;340;0;0;0;0;17;17;0;0;1
378.00;2195;358;341;0;0;0;0;17;17;0;0;2
379.00;2195;358;341;0;0;0;0;17;17;0;0;2
380.00;2195;361;344;0;0;0;0;17;17;0;0;2
381.00;2195;363;346;0;0;0;0;17;17;0;0;2
382.00;2195;364;347;0;0;0;0;17;17;0;0;2
383.00;2195;366;348;0;0;0;0;18;18;0;0;2
384.00;2195;366;347;0;0;0;0;19;19;0;0;1
385.00;2195;366;347;0;0;0;0;19;19;0;0;2
386.00;2195;366;347;0;0;0;0;19;19;0;0;2
387.00;2195;367;348;0;0;0;0;19;19;0;0;1
388.00;2195;368;349;0;0;0;0;19;19;0;0;2
389.00;2195;368;349;0;0;0;0;19;19;0;0;2
390.00;2195;369;350;0;0;0;0;19;19;0;0;2
391.00;2195;369;350;0;0;0;0;19;19;0;0;2
392.00;2195;370;351;0;0;0;0;19;19;0;0;2
393.00;2195;370;351;0;0;0;0;19;19;0;0;2
394.00;2195;372;353;0;0;0;0;19;19;0;0;2
395.00;2195;372;353;0;0;0;0;19;19;0;0;3
396.00;2195;374;355;0;0;0;0;19;19;0;0;2
397.00;2195;374;354;0;0;0;0;20;20;0;0;2
398.00;2195;375;353;0;0;0;0;22;22;0;0;2
399.00;2195;375;353;0;0;0;0;22;22;0;0;2
400.00;2195;375;353;0;0;0;0;22;22;0;0;1
401.00;2195;376;353;0;0;0;0;23;23;0;0;2
402.00;2195;377;353;0;0;0;0;24;24;0;0;2
403.00;2195;378;354;0;0;0;0;24;24;0;0;2
404.00;2195;379;355;0;0;0;0;24;24;0;0;2
405.00;2195;380;356;0;0;0;0;24;24;0;0;2
406.00;2195;380;355;0;0;0;0;25;25;0;0;2
407.00;2195;383;358;0;0;0;0;25;25;0;0;3
408.00;2195;383;357;0;0;0;0;26;26;0;0;3
409.00;2195;383;357;0;0;0;0;26;26;0;0;2
410.00;2195;383;357;0;0;0;0;26;26;0;0;2
411.00;2195;383;356;0;0;0;0;27;27;0;0;2
412.00;2195;384;357;0;0;0;0;27;27;0;0;2
413.00;2195;385;358;0;0;0;0;27;27;0;0;2
414.00;2195;385;358;0;0;0;0;27;27;0;0;3
415.00;2195;385;357;0;0;0;0;28;28;0;0;2
416.00;2195;386;357;0;0;0;0;29;29;0;0;2
417.00;2195;387;358;0;0;0;0;29;29;0;0;4
418.00;2195;388;359;0;0;0;0;29;29;0;0;2
419.00;2195;390;361;0;0;0;0;29;29;0;0;2
420.00;2195;391;362;0;0;0;0;29;29;0;0;2
421.00;2195;392;363;0;0;0;0;29;29;0;0;2
422.00;2195;392;363;0;0;0;0;29;29;0;0;2
423.00;2195;392;363;0;0;0;0;29;29;0;0;2
424.00;2195;393;363;0;0;0;0;30;30;0;0;2
425.00;2195;393;362;0;0;0;0;31;31;0;0;2
426.00;2195;394;363;0;0;0;0;31;31;0;0;2
427.00;2195;395;363;0;0;0;0;32;32;0;0;2
428.00;2195;395;363;0;0;0;0;32;32;0;0;2
429.00;2195;395;362;0;0;0;0;33;33;0;0;3
430.00;2195;395;360;0;0;0;0;35;35;0;0;2
431.00;2195;395;358;0;0;0;0;37;37;0;0;2
432.00;2195;395;357;0;0;0;0;38;38;0;0;2
433.00;2195;395;356;0;0;0;0;39;39;0;0;2
434.00;2195;396;357;0;0;0;0;39;39;0;0;2
435.00;2195;396;356;0;0;0;0;40;40;0;0;3
436.00;2195;396;356;0;0;0;0;40;40;0;0;2
437.00;2195;397;355;0;0;0;0;42;42;0;0;3
438.00;2195;398;355;0;0;0;0;43;43;0;0;3
439.00;2195;399;356;0;0;0;0;43;43;0;0;2
440.00;2195;399;354;0;0;0;0;45;45;0;0;2
441.00;2195;399;354;0;0;0;0;45;45;0;0;2
442.00;2195;401;354;0;0;0;0;47;47;0;0;3
443.00;2195;401;351;0;0;0;0;50;50;0;0;2
444.00;2195;402;351;0;0;0;0;51;51;0;0;3
445.00;2195;405;353;0;0;0;0;52;52;0;0;2
446.00;2195;406;354;0;0;0;0;52;52;0;0;3
447.00;2195;407;355;0;0;0;0;52;52;0;0;3
448.00;2195;407;355;0;0;0;0;52;52;0;0;2
449.00;2195;409;355;0;0;0;0;54;54;0;0;2
450.00;2195;409;353;0;0;0;0;56;56;0;0;2
451.00;2195;410;354;0;0;0;0;56;56;0;0;2
452.00;2195;411;355;0;0;0;0;56;56;0;0;3
453.00;2195;412;355;0;0;0;0;57;57;0;0;3
454.00;2195;412;354;0;0;0;0;58;58;0;0;3
455.00;2195;414;356;0;0;0;0;58;58;0;0;2
456.00;2195;414;355;0;0;0;0;59;59;0;0;4
457.00;2195;414;353;0;0;0;0;61;61;0;0;2
458.00;2195;414;353;0;0;0;0;61;61;0;0;3
459.00;2195;416;354;0;0;0;0;62;62;0;0;3
460.00;2195;416;353;0;0;0;0;63;63;0;0;4
461.00;2195;416;353;0;0;0;0;63;63;0;0;3
462.00;2195;418;355;0;0;0;0;63;63;0;0;2
463.00;2195;419;356;0;0;0;0;63;63;0;0;2
464.00;2195;422;358;0;0;0;0;64;64;0;0;2
465.00;2195;423;358;0;0;0;0;65;65;0;0;2
466.00;2195;425;360;0;0;0;0;65;65;0;0;2
467.00;2195;425;360;0;0;0;0;65;65;0;0;2
468.00;2195;425;360;0;0;0;0;65;65;0;0;3
469.00;2195;425;360;0;0;0;0;65;65;0;0;3
470.00;2195;426;360;0;0;0;0;66;66;0;0;3
471.00;2195;428;362;0;0;0;0;66;66;0;0;3
472.00;2195;430;364;0;0;0;0;66;66;0;0;2
473.00;2195;430;364;0;0;0;0;66;66;0;0;2
474.00;2195;430;362;0;0;0;0;68;68;0;0;3
475.00;2195;431;363;0;0;0;0;68;68;0;0;2
476.00;2195;432;364;0;0;0;0;68;68;0;0;2
477.00;2195;433;364;0;0;0;0;69;69;0;0;2
478.00;2195;434;365;0;0;0;0;69;69;0;0;2
479.00;2195;435;366;0;0;0;0;69;69;0;0;2
480.00;2195;435;365;0;0;0;0;70;70;0;0;2
481.00;2195;436;366;0;0;0;0;70;70;0;0;2
482.00;2195;438;368;0;0;0;0;70;70;0;0;2
